<?xml version="1.0" encoding="UTF-8"?>
<preferences>
 <debug showDebugMenu="0" />
 <systemtable filter="All Interfaces" showClockDomains="1" showResetDomains="0">
  <columns>
   <connections preferredWidth="175" />
   <irq preferredWidth="34" />
   <name preferredWidth="166" />
  </columns>
 </systemtable>
 <library
   expandedCategories="Library,Library/Processors and Peripherals,Project,Library/Processors and Peripherals/Peripherals" />
 <window width="697" height="735" x="676" y="0" />
</preferences>
